{
  "IsEncrypted": false,
  "Values": {
    "AzureWebJobsStorage": "DefaultEndpointsProtocol=https;AccountName=bananaclassify;AccountKey=bS06YUC0pp5Qk8+PoL9zdseMdLQHPtMXhLUtUFCTsL1KI/78qMorpUUN9XTngD3RPn+0P+PK5Ico+AStQcJ1cQ==;EndpointSuffix=core.windows.net",
    "FUNCTIONS_WORKER_RUNTIME": "python",
    "bananaclassify_STORAGE": "DefaultEndpointsProtocol=https;AccountName=bananaclassify;AccountKey=bS06YUC0pp5Qk8+PoL9zdseMdLQHPtMXhLUtUFCTsL1KI/78qMorpUUN9XTngD3RPn+0P+PK5Ico+AStQcJ1cQ==;EndpointSuffix=core.windows.net",
    "REGISTRY_MANAGER_CONNECTION_STRING": "HostName=fruit.azure-devices.net;SharedAccessKeyName=service;SharedAccessKey=dTfOSTo/zfi+DfKEGsDiPxXGmHPvcheZWAIoTBSio6s="
  }
}